<?xml version="1.0" encoding="UTF-8"?>
<project-private xmlns="http://www.netbeans.org/ns/project-private/1">
    <editor-bookmarks xmlns="http://www.netbeans.org/ns/editor-bookmarks/1"/>
    <editor-bookmarks xmlns="http://www.netbeans.org/ns/editor-bookmarks/2" lastBookmarkId="0"/>
    <open-files xmlns="http://www.netbeans.org/ns/projectui-open-files/2">
        <group>
            <file>file:/C:/Users/Jarol%20Saltos/Documents/NetBeansProjects/EJEMPLO1/src/org/yourorghere/MOSAICO.java</file>
            <file>file:/C:/Users/Jarol%20Saltos/Documents/NetBeansProjects/EJEMPLO1/src/org/yourorghere/EJEMPLO1.java</file>
            <file>file:/C:/Users/Jarol%20Saltos/Documents/NetBeansProjects/EJEMPLO1/src/org/yourorghere/EJEMPLO3.java</file>
            <file>file:/C:/Users/Jarol%20Saltos/Documents/NetBeansProjects/EJEMPLO1/src/org/yourorghere/EJEMPLO2.java</file>
        </group>
    </open-files>
</project-private>
